item_image-src,item_name
"http://www.mobafire.com/images/item/face-of-the-mountain.gif","Face of the Mountain"
"http://www.mobafire.com/images/item/the-dark-seal.gif","The Dark Seal"
"http://www.mobafire.com/images/item/oracle-alteration.gif","Oracle Alteration"
"http://www.mobafire.com/images/item/enchantment-alacrity.gif","Enchantment: Alacrity"
"http://www.mobafire.com/images/item/arcane-sweeper.gif","Arcane Sweeper"
"http://www.mobafire.com/images/item/sorcerers-shoes-captain.gif","Sorcerer's Shoes - Captain"
"http://www.mobafire.com/images/item/glacial-shroud.gif","Glacial Shroud"
"http://www.mobafire.com/images/item/abyssal-scepter.gif","Abyssal Scepter"
"http://www.mobafire.com/images/item/vision-ward.gif","Vision Ward"
"http://www.mobafire.com/images/item/elixir-of-sorcery.gif","Elixir of Sorcery"
"http://www.mobafire.com/images/item/stealth-ward.gif","Stealth Ward"
"http://www.mobafire.com/images/item/sunfire-cape.gif","Sunfire Cape"
"http://www.mobafire.com/images/item/boots-of-mobility-alacrity.gif","Boots of Mobility - Alacrity"
"http://www.mobafire.com/images/item/enchantment-captain.gif","Enchantment: Captain"
"http://www.mobafire.com/images/item/frost-queens-claim.gif","Frost Queen's Claim"
"http://www.mobafire.com/images/item/boots-of-mobility-homeguard.gif","Boots of Mobility - Homeguard"
"http://www.mobafire.com/images/item/athenes-unholy-grail.gif","Athene's Unholy Grail"
"http://www.mobafire.com/images/item/forbidden-idol.gif","Forbidden Idol"
"http://www.mobafire.com/images/item/mercurys-treads-homeguard.gif","Mercury's Treads - Homeguard"
"http://www.mobafire.com/images/item/manamune.gif","Manamune"
"http://www.mobafire.com/images/item/runic-bulwark.gif","Runic Bulwark"
"http://www.mobafire.com/images/item/enchantment-runeglaive.gif","Enchantment: Runeglaive"
"http://www.mobafire.com/images/item/bonetooth-necklace-red.gif","Bonetooth Necklace (Red)"
"http://www.mobafire.com/images/item/phantom-dancer.gif","Phantom Dancer"
"http://www.mobafire.com/images/item/berserkers-greaves.gif","Berserker's Greaves"
"http://www.mobafire.com/images/item/the-black-spear.gif","The Black Spear"
"http://www.mobafire.com/images/item/blackfire-torch.gif","Blackfire Torch"
"http://www.mobafire.com/images/item/void-staff.gif","Void Staff"
"http://www.mobafire.com/images/item/stalkers-blade-bloodrazor.gif","Stalker's Blade - Bloodrazor"
"http://www.mobafire.com/images/item/berserkers-greaves-alacrity.gif","Berserker's Greaves - Alacrity"
"http://www.mobafire.com/images/item/sorcerers-shoes-furor.gif","Sorcerer's Shoes - Furor"
"http://www.mobafire.com/images/item/spirit-of-the-ancient-golem.gif","Spirit of the Ancient Golem"
"http://www.mobafire.com/images/item/duskblade-of-draktharr.gif","Duskblade of Draktharr"
"http://www.mobafire.com/images/item/frostfang.gif","Frostfang"
"http://www.mobafire.com/images/item/rangers-trailblazer.gif","Ranger's Trailblazer"
"http://www.mobafire.com/images/item/blasting-wand.gif","Blasting Wand"
"http://www.mobafire.com/images/item/bonetooth-necklace-blue.gif","Bonetooth Necklace (Blue)"
"http://www.mobafire.com/images/item/enchantment-distortion.gif","Enchantment: Distortion"
"http://www.mobafire.com/images/item/sorcerers-shoes.gif","Sorcerer's Shoes"
"http://www.mobafire.com/images/item/entropy.gif","Entropy"
"http://www.mobafire.com/images/item/augment-gravity.gif","Augment: Gravity"
"http://www.mobafire.com/images/item/spectres-cowl.gif","Spectre's Cowl"
"http://www.mobafire.com/images/item/corrupting-potion.gif","Corrupting Potion"
"http://www.mobafire.com/images/item/overlords-bloodmail.gif","Overlord's Bloodmail"
"http://www.mobafire.com/images/item/elixir-of-ruin.gif","Elixir of Ruin"
"http://www.mobafire.com/images/item/spirit-of-the-elder-lizard.gif","Spirit of the Elder Lizard"
"http://www.mobafire.com/images/item/hextech-revolver.gif","Hextech Revolver"
"http://www.mobafire.com/images/item/boots-of-swiftness.gif","Boots of Swiftness"
"http://www.mobafire.com/images/item/warding-totem.gif","Warding Totem"
"http://www.mobafire.com/images/item/elixir-of-brilliance.gif","Elixir of Brilliance"
"http://www.mobafire.com/images/item/soul-anchor.gif","Soul Anchor"
"http://www.mobafire.com/images/item/seekers-armguard.gif","Seeker's Armguard"
"http://www.mobafire.com/images/item/long-sword.gif","Long Sword"
"http://www.mobafire.com/images/item/feral-flare.gif","Feral Flare"
"http://www.mobafire.com/images/item/ninja-tabi-captain.gif","Ninja Tabi - Captain"
"http://www.mobafire.com/images/item/sapphire-crystal.gif","Sapphire Crystal"
"http://www.mobafire.com/images/item/skirmishers-sabre-cinderhulk.gif","Skirmisher's Sabre - Cinderhulk"
"http://www.mobafire.com/images/item/explorers-ward.gif","Explorer's Ward"
"http://www.mobafire.com/images/item/bamis-cinder.gif","Bami's Cinder"
"http://www.mobafire.com/images/item/tear-of-the-goddess.gif","Tear of the Goddess"
"http://www.mobafire.com/images/item/faerie-charm.gif","Faerie Charm"
"http://www.mobafire.com/images/item/ninja-tabi.gif","Ninja Tabi"
"http://www.mobafire.com/images/item/dorans-blade.gif","Doran's Blade"
"http://www.mobafire.com/images/item/meki-pendant.gif","Meki Pendant"
"http://www.mobafire.com/images/item/jaurims-fist.gif","Jaurim's Fist"
"http://www.mobafire.com/images/item/bonetooth-necklace-yellow.gif","Bonetooth Necklace (Yellow)"
"http://www.mobafire.com/images/item/madreds-bloodrazor.gif","Madred's Bloodrazor"
"http://www.mobafire.com/images/item/eye-of-the-oasis.gif","Eye of the Oasis"
"http://www.mobafire.com/images/item/wardens-mail.gif","Warden's Mail"
"http://www.mobafire.com/images/item/enchantment-runic-echoes.gif","Enchantment: Runic Echoes"
"http://www.mobafire.com/images/item/eye-of-the-watchers.gif","Eye of the Watchers"
"http://www.mobafire.com/images/item/ninja-tabi-distortion.gif","Ninja Tabi - Distortion"
"http://www.mobafire.com/images/item/ruby-sightstone.gif","Ruby Sightstone"
"http://www.mobafire.com/images/item/enchantment-bloodrazor.gif","Enchantment: Bloodrazor"
"http://www.mobafire.com/images/item/skirmishers-sabre-devourer.gif","Skirmisher's Sabre - Devourer"
"http://www.mobafire.com/images/item/nashors-tooth.gif","Nashor's Tooth"
"http://www.mobafire.com/images/item/hextech-glp-800.gif","Hextech GLP-800"
"http://www.mobafire.com/images/item/regrowth-pendant.gif","Regrowth Pendant"
"http://www.mobafire.com/images/item/soul-shroud.gif","Soul Shroud"
"http://www.mobafire.com/images/item/rod-of-ages.gif","Rod of Ages"
"http://www.mobafire.com/images/item/bilgewater-cutlass.gif","Bilgewater Cutlass"
"http://www.mobafire.com/images/item/greater-lens.gif","Greater Lens"
"http://www.mobafire.com/images/item/targons-brace.gif","Targon's Brace"
"http://www.mobafire.com/images/item/kitaes-bloodrazor.gif","Kitae's Bloodrazor"
"http://www.mobafire.com/images/item/hunters-talisman.gif","Hunter's Talisman"
"http://www.mobafire.com/images/item/ionian-boots-of-lucidity.gif","Ionian Boots of Lucidity"
"http://www.mobafire.com/images/item/warmogs-armor.gif","Warmog's Armor"
"http://www.mobafire.com/images/item/morellonomicon.gif","Morellonomicon"
"http://www.mobafire.com/images/item/enchantment-furor.gif","Enchantment: Furor"
"http://www.mobafire.com/images/item/enchantment-juggernaut.gif","Enchantment: Juggernaut"
"http://www.mobafire.com/images/item/brawlers-gloves.gif","Brawler's Gloves"
"http://www.mobafire.com/images/item/enchantment-cinderhulk.gif","Enchantment: Cinderhulk"
"http://www.mobafire.com/images/item/ninja-tabi-alacrity.gif","Ninja Tabi - Alacrity"
"http://www.mobafire.com/images/item/lost-chapter.gif","Lost Chapter"
"http://www.mobafire.com/images/item/moonflair-spellblade.gif","Moonflair Spellblade"
"http://www.mobafire.com/images/item/spirit-visage.gif","Spirit Visage"
"http://www.mobafire.com/images/item/needlessly-large-rod.gif","Needlessly Large Rod"
"http://www.mobafire.com/images/item/liandrys-torment.gif","Liandry's Torment"
"http://www.mobafire.com/images/item/greater-orb.gif","Greater Orb"
"http://www.mobafire.com/images/item/elixir-of-fortitude.gif","Elixir of Fortitude"
"http://www.mobafire.com/images/item/deaths-dance.gif","Death's Dance"
"http://www.mobafire.com/images/item/ohmwrecker.gif","Ohmwrecker"
"http://www.mobafire.com/images/item/zzrot-portal.gif","Zz'Rot Portal"
"http://www.mobafire.com/images/item/frozen-heart.gif","Frozen Heart"
"http://www.mobafire.com/images/item/tiamat.gif","Tiamat"
"http://www.mobafire.com/images/item/crystalline-flask.gif","Crystalline Flask"
"http://www.mobafire.com/images/item/odyns-veil.gif","Odyn's Veil"
"http://www.mobafire.com/images/item/wooglets-witchcap.gif","Wooglet's Witchcap"
"http://www.mobafire.com/images/item/farsight-alteration.gif","Farsight Alteration"
"http://www.mobafire.com/images/item/chalice-of-harmony.gif","Chalice of Harmony"
"http://www.mobafire.com/images/item/dagger.gif","Dagger"
"http://www.mobafire.com/images/item/boots-of-mobility-captain.gif","Boots of Mobility - Captain"
"http://www.mobafire.com/images/item/berserkers-greaves-distortion.gif","Berserker's Greaves - Distortion"
"http://www.mobafire.com/images/item/b-f-sword.gif","B. F. Sword"
"http://www.mobafire.com/images/item/catalyst-of-aeons.gif","Catalyst of Aeons"
"http://www.mobafire.com/images/item/sheen.gif","Sheen"
"http://www.mobafire.com/images/item/caulfields-warhammer.gif","Caulfield's Warhammer"
"http://www.mobafire.com/images/item/eye-of-the-equinox.gif","Eye of the Equinox"
"http://www.mobafire.com/images/item/amplifying-tome.gif","Amplifying Tome"
"http://www.mobafire.com/images/item/phage.gif","Phage"
"http://www.mobafire.com/images/item/pickaxe.gif","Pickaxe"
"http://www.mobafire.com/images/item/the-hex-core-mk-2.gif","The Hex Core MK-2"
"http://www.mobafire.com/images/item/ichor-of-rage.gif","Ichor of Rage"
"http://www.mobafire.com/images/item/dorans-shield.gif","Doran's Shield"
"http://www.mobafire.com/images/item/ludens-echo.gif","Luden's Echo"
"http://www.mobafire.com/images/item/serrated-dirk.gif","Serrated Dirk"
"http://www.mobafire.com/images/item/archangels-staff.gif","Archangel's Staff"
"http://www.mobafire.com/images/item/oracles-elixir.gif","Oracle's Elixir"
"http://www.mobafire.com/images/item/leviathan.gif","Leviathan"
"http://www.mobafire.com/images/item/heart-of-gold.gif","Heart of Gold"
"http://www.mobafire.com/images/item/randuins-omen.gif","Randuin's Omen"
"http://www.mobafire.com/images/item/oracles-lens.gif","Oracle's Lens"
"http://www.mobafire.com/images/item/dervish-blade.gif","Dervish Blade"
"http://www.mobafire.com/images/item/trackers-knife.gif","Tracker's Knife"
"http://www.mobafire.com/images/item/augment-death.gif","Augment: Death"
"http://www.mobafire.com/images/item/locket-of-the-iron-solari.gif","Locket of the Iron Solari"
"http://www.mobafire.com/images/item/force-of-nature.gif","Force of Nature"
"http://www.mobafire.com/images/item/atmas-impaler.gif","Atma's Impaler"
"http://www.mobafire.com/images/item/giant-slayer.gif","Giant Slayer"
"http://www.mobafire.com/images/item/the-hex-core-mk-1.gif","The Hex Core MK-1"
"http://www.mobafire.com/images/item/mercurys-treads.gif","Mercury's Treads"
"http://www.mobafire.com/images/item/head-of-khazix.gif","Head of Kha'zix"
"http://www.mobafire.com/images/item/ravenous-hydra.gif","Ravenous Hydra"
"http://www.mobafire.com/images/item/trackers-knife-runeglaive.gif","Tracker's Knife - Runeglaive"
"http://www.mobafire.com/images/item/skirmishers-sabre-runeglaive.gif","Skirmisher's Sabre - Runeglaive"
"http://www.mobafire.com/images/item/hunters-machete.gif","Hunter's Machete"
"http://www.mobafire.com/images/item/sorcerers-shoes-distortion.gif","Sorcerer's Shoes - Distortion"
"http://www.mobafire.com/images/item/quill-coat.gif","Quill Coat"
"http://www.mobafire.com/images/item/mercurys-treads-distortion.gif","Mercury's Treads - Distortion"
"http://www.mobafire.com/images/item/mana-potion.gif","Mana Potion"
"http://www.mobafire.com/images/item/ardent-censer.gif","Ardent Censer"
"http://www.mobafire.com/images/item/sightstone.gif","Sightstone"
"http://www.mobafire.com/images/item/hunters-potion.gif","Hunter's Potion"
"http://www.mobafire.com/images/item/stalkers-blade-runeglaive.gif","Stalker's Blade - Runeglaive"
"http://www.mobafire.com/images/item/kindlegem.gif","Kindlegem"
"http://www.mobafire.com/images/item/stinger.gif","Stinger"
"http://www.mobafire.com/images/item/relic-shield.gif","Relic Shield"
"http://www.mobafire.com/images/item/recurve-bow.gif","Recurve Bow"
"http://www.mobafire.com/images/item/mikaels-crucible.gif","Mikael's Crucible"
"http://www.mobafire.com/images/item/vampiric-scepter.gif","Vampiric Scepter"
"http://www.mobafire.com/images/item/quicksilver-sash.gif","Quicksilver Sash"
"http://www.mobafire.com/images/item/steraks-gage.gif","Sterak's Gage"
"http://www.mobafire.com/images/item/grezs-spectral-lantern.gif","Grez's Spectral Lantern"
"http://www.mobafire.com/images/item/cloak-of-agility.gif","Cloak of Agility"
"http://www.mobafire.com/images/item/negatron-cloak.gif","Negatron Cloak"
"http://www.mobafire.com/images/item/zekes-harbinger.gif","Zeke's Harbinger"
"http://www.mobafire.com/images/item/cloak-and-dagger.gif","Cloak and Dagger"
"http://www.mobafire.com/images/item/skirmishers-sabre-bloodrazor.gif","Skirmisher's Sabre - Bloodrazor"
"http://www.mobafire.com/images/item/orb-of-winter.gif","Orb of Winter"
"http://www.mobafire.com/images/item/guardians-orb.gif","Guardian's Orb"
"http://www.mobafire.com/images/item/stalkers-blade-devourer.gif","Stalker's Blade - Devourer"
"http://www.mobafire.com/images/item/skirmishers-sabre-warrior.gif","Skirmisher's Sabre - Warrior"
"http://www.mobafire.com/images/item/sword-of-the-divine.gif","Sword of the Divine"
"http://www.mobafire.com/images/item/zeal.gif","Zeal"
"http://www.mobafire.com/images/item/refillable-potion.gif","Refillable Potion"
"http://www.mobafire.com/images/item/stalkers-blade-warrior.gif","Stalker's Blade - Warrior"
"http://www.mobafire.com/images/item/the-black-cleaver.gif","The Black Cleaver"
"http://www.mobafire.com/images/item/cull.gif","Cull"
"http://www.mobafire.com/images/item/ancient-coin.gif","Ancient Coin"
"http://www.mobafire.com/images/item/giants-belt.gif","Giant's Belt"
"http://www.mobafire.com/images/item/ichor-of-illumination.gif","Ichor of Illumination"
"http://www.mobafire.com/images/item/elixir-of-wrath.gif","Elixir of Wrath"
"http://www.mobafire.com/images/item/berserkers-greaves-homeguard.gif","Berserker's Greaves - Homeguard"
"http://www.mobafire.com/images/item/mortal-reminder.gif","Mortal Reminder"
"http://www.mobafire.com/images/item/hexdrinker.gif","Hexdrinker"
"http://www.mobafire.com/images/item/lich-bane.gif","Lich Bane"
"http://www.mobafire.com/images/item/ionian-boots-of-lucidity-alacrity.gif","Ionian Boots of Lucidity - Alacrity"
"http://www.mobafire.com/images/item/berserkers-greaves-furor.gif","Berserker's Greaves - Furor"
"http://www.mobafire.com/images/item/mercurys-treads-alacrity.gif","Mercury's Treads - Alacrity"
"http://www.mobafire.com/images/item/guardians-hammer.gif","Guardian's Hammer"
"http://www.mobafire.com/images/item/mejais-soulstealer.gif","Mejai's Soulstealer"
"http://www.mobafire.com/images/item/will-of-the-ancients.gif","Will of the Ancients"
"http://www.mobafire.com/images/item/greater-vision-totem.gif","Greater Vision Totem"
"http://www.mobafire.com/images/item/perfect-hex-core.gif","Perfect Hex Core"
"http://www.mobafire.com/images/item/righteous-glory.gif","Righteous Glory"
"http://www.mobafire.com/images/item/eleisas-miracle.gif","Eleisa's Miracle"
"http://www.mobafire.com/images/item/sages-ring.gif","Sage's Ring"
"http://www.mobafire.com/images/item/null-magic-mantle.gif","Null-Magic Mantle"
"http://www.mobafire.com/images/item/spellthiefs-edge.gif","Spellthief's Edge"
"http://www.mobafire.com/images/item/trackers-knife-devourer.gif","Tracker's Knife - Devourer"
"http://www.mobafire.com/images/item/dorans-ring.gif","Doran's Ring"
"http://www.mobafire.com/images/item/boots-of-mobility-distortion.gif","Boots of Mobility - Distortion"
"http://www.mobafire.com/images/item/ionian-boots-of-lucidity-distortion.gif","Ionian Boots of Lucidity - Distortion"
"http://www.mobafire.com/images/item/aegis-of-the-legion.gif","Aegis of the Legion"
"http://www.mobafire.com/images/item/essence-reaver.gif","Essence Reaver"
"http://www.mobafire.com/images/item/bonetooth-necklace-green.gif","Bonetooth Necklace (Green)"
"http://www.mobafire.com/images/item/ionian-boots-of-lucidity-captain.gif","Ionian Boots of Lucidity - Captain"
"http://www.mobafire.com/images/item/enchantment-warrior.gif","Enchantment: Warrior"
"http://www.mobafire.com/images/item/sanguine-blade.gif","Sanguine Blade"
"http://www.mobafire.com/images/item/augment-power.gif","Augment: Power"
"http://www.mobafire.com/images/item/trackers-knife-bloodrazor.gif","Tracker's Knife - Bloodrazor"
"http://www.mobafire.com/images/item/stalkers-blade.gif","Stalker's Blade"
"http://www.mobafire.com/images/item/zephyr.gif","Zephyr"
"http://www.mobafire.com/images/item/the-lightbringer.gif","The Lightbringer"
"http://www.mobafire.com/images/item/nomads-medallion.gif","Nomad's Medallion"
"http://www.mobafire.com/images/item/stalkers-blade-cinderhulk.gif","Stalker's Blade - Cinderhulk"
"http://www.mobafire.com/images/item/the-hex-core.gif","The Hex Core"
"http://www.mobafire.com/images/item/sweeping-lens.gif","Sweeping Lens"
"http://www.mobafire.com/images/item/aether-wisp.gif","Aether Wisp"
"http://www.mobafire.com/images/item/infinity-edge.gif","Infinity Edge"
"http://www.mobafire.com/images/item/poachers-knife-warrior.gif","Poacher's Knife - Warrior"
"http://www.mobafire.com/images/item/elixir-of-iron.gif","Elixir of Iron"
"http://www.mobafire.com/images/item/boots-of-mobility.gif","Boots of Mobility"
"http://www.mobafire.com/images/item/guardians-horn.gif","Guardian's Horn"
"http://www.mobafire.com/images/item/the-brutalizer.gif","The Brutalizer"
"http://www.mobafire.com/images/item/trackers-knife-cinderhulk.gif","Tracker's Knife - Cinderhulk"
"http://www.mobafire.com/images/item/deathfire-grasp.gif","Deathfire Grasp"
"http://www.mobafire.com/images/item/lord-van-damms-pillager.gif","Lord Van Damm's Pillager"
"http://www.mobafire.com/images/item/boots-of-swiftness-furor.gif","Boots of Swiftness - Furor"
"http://www.mobafire.com/images/item/boots-of-swiftness-alacrity.gif","Boots of Swiftness - Alacrity"
"http://www.mobafire.com/images/item/stalkers-blade-runic-echoes.gif","Stalker's Blade - Runic Echoes"
"http://www.mobafire.com/images/item/ruby-crystal.gif","Ruby Crystal"
"http://www.mobafire.com/images/item/hextech-gunblade.gif","Hextech Gunblade"
"http://www.mobafire.com/images/item/sword-of-the-occult.gif","Sword of the Occult"
"http://www.mobafire.com/images/item/ninja-tabi-homeguard.gif","Ninja Tabi - Homeguard"
"http://www.mobafire.com/images/item/rapid-firecannon.gif","Rapid Firecannon"
"http://www.mobafire.com/images/item/boots-of-swiftness-distortion.gif","Boots of Swiftness - Distortion"
"http://www.mobafire.com/images/item/chain-vest.gif","Chain Vest"
"http://www.mobafire.com/images/item/rangers-trailblazer-devourer.gif","Ranger's Trailblazer - Devourer"
"http://www.mobafire.com/images/item/ionian-boots-of-lucidity-homeguard.gif","Ionian Boots of Lucidity - Homeguard"
"http://www.mobafire.com/images/item/mercurys-treads-furor.gif","Mercury's Treads - Furor"
"http://www.mobafire.com/images/item/poachers-knife-devourer.gif","Poacher's Knife - Devourer"
"http://www.mobafire.com/images/item/oracles-extract.gif","Oracle's Extract"
"http://www.mobafire.com/images/item/berserkers-greaves-captain.gif","Berserker's Greaves - Captain"
"http://www.mobafire.com/images/item/ionian-boots-of-lucidity-furor.gif","Ionian Boots of Lucidity - Furor"
"http://www.mobafire.com/images/item/spirit-stone.gif","Spirit Stone"
"http://www.mobafire.com/images/item/ionic-spark.gif","Ionic Spark"
"http://www.mobafire.com/images/item/prospectors-ring.gif","Prospector's Ring"
"http://www.mobafire.com/images/item/guinsoos-rageblade.gif","Guinsoo's Rageblade"
"http://www.mobafire.com/images/item/rylais-crystal-scepter.gif","Rylai's Crystal Scepter"
"http://www.mobafire.com/images/item/wicked-hatchet.gif","Wicked Hatchet"
"http://www.mobafire.com/images/item/the-bloodthirster.gif","The Bloodthirster"
"http://www.mobafire.com/images/item/avarice-blade.gif","Avarice Blade"
"http://www.mobafire.com/images/item/poachers-knife.gif","Poacher's Knife"
"http://www.mobafire.com/images/item/twin-shadows.gif","Twin Shadows"
"http://www.mobafire.com/images/item/elixir-of-agility.gif","Elixir of Agility"
"http://www.mobafire.com/images/item/executioners-calling.gif","Executioner's Calling"
"http://www.mobafire.com/images/item/boots-of-swiftness-homeguard.gif","Boots of Swiftness - Homeguard"
"http://www.mobafire.com/images/item/mercurys-treads-captain.gif","Mercury's Treads - Captain"
"http://www.mobafire.com/images/item/fire-at-will.gif","Fire At Will"
"http://www.mobafire.com/images/item/poachers-knife-runeglaive.gif","Poacher's Knife - Runeglaive"
"http://www.mobafire.com/images/item/rangers-trailblazer-warrior.gif","Ranger's Trailblazer - Warrior"
"http://www.mobafire.com/images/item/mana-manipulator.gif","Mana Manipulator"
"http://www.mobafire.com/images/item/kircheis-shard.gif","Kircheis Shard"
"http://www.mobafire.com/images/item/deaths-daughter.gif","Death's Daughter"
"http://www.mobafire.com/images/item/titanic-hydra.gif","Titanic Hydra"
"http://www.mobafire.com/images/item/rabadons-deathcap.gif","Rabadon's Deathcap"
"http://www.mobafire.com/images/item/rangers-trailblazer-runeglaive.gif","Ranger's Trailblazer - Runeglaive"
"http://www.mobafire.com/images/item/trackers-knife-runic-echoes.gif","Tracker's Knife - Runic Echoes"
"http://www.mobafire.com/images/item/banner-of-command.gif","Banner of Command"
"http://www.mobafire.com/images/item/skirmishers-sabre-runic-echoes.gif","Skirmisher's Sabre - Runic Echoes"
"http://www.mobafire.com/images/item/last-whisper.gif","Last Whisper"
"http://www.mobafire.com/images/item/iceborn-gauntlet.gif","Iceborn Gauntlet"
"http://www.mobafire.com/images/item/wits-end.gif","Wit's End"
"http://www.mobafire.com/images/item/maw-of-malmortius.gif","Maw of Malmortius"
"http://www.mobafire.com/images/item/arcane-sweeper-trinket.gif","Arcane Sweeper Trinket"
"http://www.mobafire.com/images/item/cloth-armor.gif","Cloth Armor"
"http://www.mobafire.com/images/item/mercurial-scimitar.gif","Mercurial Scimitar"
"http://www.mobafire.com/images/item/boots-of-speed.gif","Boots of Speed"
"http://www.mobafire.com/images/item/skirmishers-sabre.gif","Skirmisher's Sabre"
"http://www.mobafire.com/images/item/banshees-veil.gif","Banshee's Veil"
"http://www.mobafire.com/images/item/boots-of-mobility-furor.gif","Boots of Mobility - Furor"
"http://www.mobafire.com/images/item/lord-dominiks-regards.gif","Lord Dominik's Regards"
"http://www.mobafire.com/images/item/greater-totem.gif","Greater Totem"
"http://www.mobafire.com/images/item/rejuvenation-bead.gif","Rejuvenation Bead"
"http://www.mobafire.com/images/item/runaans-hurricane.gif","Runaan's Hurricane"
"http://www.mobafire.com/images/item/prospectors-blade.gif","Prospector's Blade"
"http://www.mobafire.com/images/item/spirit-of-the-spectral-wraith.gif","Spirit of the Spectral Wraith"
"http://www.mobafire.com/images/item/statikk-shiv.gif","Statikk Shiv"
"http://www.mobafire.com/images/item/talisman-of-ascension.gif","Talisman of Ascension"
"http://www.mobafire.com/images/item/rangers-trailblazer-cinderhulk.gif","Ranger's Trailblazer - Cinderhulk"
"http://www.mobafire.com/images/item/sorcerers-shoes-homeguard.gif","Sorcerer's Shoes - Homeguard"
"http://www.mobafire.com/images/item/priscillas-blessing.gif","Priscilla's Blessing"
"http://www.mobafire.com/images/item/poachers-knife-cinderhulk.gif","Poacher's Knife - Cinderhulk"
"http://www.mobafire.com/images/item/sorcerers-shoes-alacrity.gif","Sorcerer's Shoes - Alacrity"
"http://www.mobafire.com/images/item/trackers-knife-warrior.gif","Tracker's Knife - Warrior"
"http://www.mobafire.com/images/item/zhonyas-ring.gif","Zhonya's Ring"
"http://www.mobafire.com/images/item/raise-morale.gif","Raise Morale"
"http://www.mobafire.com/images/item/greater-stealth-totem.gif","Greater Stealth Totem"
"http://www.mobafire.com/images/item/morellos-evil-tome.gif","Morello's Evil Tome"
"http://www.mobafire.com/images/item/trinity-force.gif","Trinity Force"
"http://www.mobafire.com/images/item/zhonyas-hourglass.gif","Zhonya's Hourglass"
"http://www.mobafire.com/images/item/enchantment-homeguard.gif","Enchantment: Homeguard"
"http://www.mobafire.com/images/item/madreds-razors.gif","Madred's Razors"
"http://www.mobafire.com/images/item/haunting-guise.gif","Haunting Guise"
"http://www.mobafire.com/images/item/frozen-mallet.gif","Frozen Mallet"
"http://www.mobafire.com/images/item/boots-of-swiftness-captain.gif","Boots of Swiftness - Captain"
"http://www.mobafire.com/images/item/blade-of-the-ruined-king.gif","Blade of the Ruined King"
"http://www.mobafire.com/images/item/raptor-cloak.gif","Raptor Cloak"
"http://www.mobafire.com/images/item/poro-snax.gif","Poro-Snax"
"http://www.mobafire.com/images/item/enchantment-devourer.gif","Enchantment: Devourer"
"http://www.mobafire.com/images/item/seraphs-embrace.gif","Seraph's Embrace"
"http://www.mobafire.com/images/item/youmuus-ghostblade.gif","Youmuu's Ghostblade"
"http://www.mobafire.com/images/item/dead-mans-plate.gif","Dead Man's Plate"
"http://www.mobafire.com/images/item/hextech-protobelt-01.gif","Hextech Protobelt-01"
"http://www.mobafire.com/images/item/farsight-orb.gif","Farsight Orb"
"http://www.mobafire.com/images/item/wriggles-lantern.gif","Wriggle's Lantern"
"http://www.mobafire.com/images/item/thornmail.gif","Thornmail"
"http://www.mobafire.com/images/item/malady.gif","Malady"
"http://www.mobafire.com/images/item/ninja-tabi-furor.gif","Ninja Tabi - Furor"
"http://www.mobafire.com/images/item/total-biscuit-of-rejuvenation.gif","Total Biscuit of Rejuvenation"
"http://www.mobafire.com/images/item/innervating-locket.gif","Innervating Locket"
"http://www.mobafire.com/images/item/guardian-angel.gif","Guardian Angel"
"http://www.mobafire.com/images/item/scrying-orb.gif","Scrying Orb"
"http://www.mobafire.com/images/item/health-potion.gif","Health Potion"
"http://www.mobafire.com/images/item/muramana.gif","Muramana"
"http://www.mobafire.com/images/item/prototype-hex-core.gif","Prototype Hex Core"
"http://www.mobafire.com/images/item/fiendish-codex.gif","Fiendish Codex"
"http://www.mobafire.com/images/item/crystalline-bracer.gif","Crystalline Bracer"
